der, die, das|the, that, those, who, this one
ein, eine, ein-|a, an, one, one of
kein, keine, kein-|not a, no
sein, seine, sein-|his, its
dieser, diese, dieses, dies-|this, that, these
jeder, jede, jedes, jed-|each, every
er|he, it
es|it
sie|she, they, it, them
ich|I
wir|we
ihr|y'all, her, their
man|one, a person, people
du|you (informal, singular)
Sie|you (formal)
und|and
sich|-self
nicht|not
auch|also, too
wenn|when, whenever, if
als|as, when, than
oder|or
aber|but, however, of course
bis|until
dass|that
eins, zwei, drei,
vier, fünf, sechs,
sieben, acht, neun,
zehn|1-10
an, am (an dem), ans (an das)|at, on, at/on the, to
auf|on, at, on top of, in
aus|out of, out
bei / beim (bei dem)|by, with, at
durch|through, divided by, by means of
für|for
gegen|against, towards, around (time)
in, im (in dem), ins (in das)|in, in the, into
mit|with, by means of
nach|to, after
über|over, about, via
um|around, at (time)
um.....zu + Infinitiv|in order to + (infinitive)
unter|under, beneath, among
von /
vom (von dem)|from, by
vor|in front of, before, ago
zu /
zum (zu dem),
zur (zu der)|to, too / to the
zwischen|between
sein, (ich bin, du bist, er ist, wir sind, ihr seid, sie sind, Sie sind) war, gewesen|to be
sein + Partizip|present perfect of sein verbs
werden (wird), wurde, ist geworden|to become, get
werden + infinitive|future tense
werden + Partizip|passive tense
haben (hat), hatte, gehabt|to have
haben + Partizip|present perfect of most verbs
wollen (will), wollte, gewollt|to want to
können (kann), konnte, gekonnt|to be able to, can
müssen (muss), musste, gemusst|to have to
sollen, sollte, gesollt|should, ought to
lassen, lässt, liess, hat gelassen|to let, allow, have done
geben, gibt, gab, hat gegeben|to give
sagen, sagte, hat gesagt|to say
kommen, kam, ist gekommen|to come
gehen, ging, ist gegangen|to go
machen, machte, hat gemacht|to do, to make
stehen, stand, hat gestanden|to stand, to be located
sehen, sieht, sah, hat gesehen|to see
finden, fand, hat gefunden|to find
das Jahr, die Jahre|year
die Uhr, die Uhren|clock, o'clock
die Minute, -n|minute
das Prozent, die Prozente|percent
die Zeit, die Zeiten|time
alle|all, everyone, every (pl)
andere (-r, -s)|other
da|there, since
dann|then
deutsch|German
doch|however, still, on the contrary, as a flavor word, it can add emphasis
gross|large, big, tall
gut|good, well
immer|always
mehr|more
neu|new
noch|still, yet
nur|only, just
schon|already
so|so, thus, this way, such
viel|much
was|what, which
weit|far, widely
wie|how, as
wieder|again
die Arbeit, -en|work, job
das Bild, die Bilder|pictire
das Ende, -n|end
der Euro, -/-s|Euro
die Frage, -n|question
die Frau, -en|woman
das Haus, die Häuser|house
das Kind, die Kinder|child
das Land, die Länder|country, land
das Leben, -|life, living
der Mann, die Männer|man
die Mark|Mark (former currency)
der Mensch, -en|person, human
die Million, -en (Mio.)|million
der Platz, die Plätze|place, seat, spot, square
der Samstag, -e|Saturday
die Seite, -n|side, page
das Speil, -e|game
die Stadt, die Städte|city
der Tag, -e|day
der / das Teil, -e|part, section
die Woche, -n|week
seit|since
ab|from (time)
ohne|without
wer|who, whoever
wo|where
ihm|him
uns|us
unser(-)|our
mein(-)|my
denn|because (coordinating), since, as flavor word, can add emphasis
weil|because (subordinating)
sondern|rather
bleiben, blieb, ist geblieben|to stay, remain
liegen, lag, gelegen|to be in a horizontal position, lying, to lie, to be located
stellen, stellte, hat gestellt|to put, place, set
nehmen, nimmt, nahm, hat genommen|to take
zeigen, zeigte, hat gezeigt|to show
dürfen, darf, durfte, hat gedurft|to be allowed, permitted
halten, hält, hielt, hat gehalten|to keep, hold, stop
spielen, spielte, hat gespielt|to play
bringen, brachte, hat gebracht|to bring
führen, führte, hat geführt|to lead
gehören, gehörte, hat gehört|to belong
beginnen, begann, begonnen|to begin
erhalten, erhält, erhielt, hat erhalten|to obtain, receive
heissen, hiess, hat geheissen|to be called
selbst|even, self, myself, yourself, etc.
nichts|nothing
gestern|yesterday
heute|today
hier|here
bereits|already, even, as early as
jetzt|now
sehr|very
allerdings|certainly, however
alt|old
beide|both
dabei|thereby, with it, close by, there
dafür|for it
damit|with it, so, so that
dazu|to it, as well, in addition to that
dort|there, over there
eigen|own
einige-|several, some
einmal|once; one time
erst|first, just, only, not until
etwa|roughly, approximately
ganz|quite, entire, whole / wholly
hoch, hoh-|high
ja|yes, indeed, as we know
jedoch|though, however
jung|young
klein|small, little
kurz|short
lang, lange|long
letzte-|last, final
nun|now, well
sowie|and, as well as, as soon as
stark|strong
wenig|little, few
wichtig|important
zwar|indeed, to be sure, that is to say
zweite-, zu zweit|second, as a pair
der Artikel, -|article
das Beispiel, -e|example
der Fall, die Fälle|case, fall
falls|in case, if, in the event of
die Familie, -n|family
der Film, -e|film, movie
das Foto, -s|photo
der Gast, die Gäste|guest
das Geld|money
die Gemeinde, -n|community, municipality, parish
die Geschichte, -n|history; story
der Grund, die Gründe|reason, cause
im Grunde genommen|basically, for the most part
die Gruppe, -n|group
die Kirche, -n|church
das Mal, -e / mal|time / time(s)
die Mannschaft, -en|team
der / das Meter -|meter
das Mitglied, -er|member
der Monat, -e|month
der Name, -n|name
der Ort, -e|place, location (geographical)
die Polizei|police
der Präsident, -en|president
das Problem, -e|problem
der Punkt, -e|point
die Schule, -n|school
die Straße, -n|street
die Stunde, -n|hour, lesson
das Team, -s|team
das Thema, die Themen|subject, theme, issue
das Unternehmen, -|company, firm, enterprise
der Verein, -e|club
der Weg, -e / weg|way, path / gone, away
die Welt, -en|world
das Ziel, -e|goal, aim, target
arbeiten, arbeitete, hat gearbeitet|to work
bekommen, bekam, bekommen|to get, receive
berichten, berichtete, berichtet|to report, tell
bestehen, bestand, hat bestanden|to exist, insist, pass an exam
bieten, bot, hat geboten|to offer, bid
erklären, erklärte, hat erklärt|to explain, make clear
erreichen, erreichte, hat erreicht|to achieve, attain, reach
folgen, folgte, ist gefolgt|to follow
fordern, forderte, hat gefordert|to demand, require, ask
gelten, gilt, galt, hat gegolten|to be valid
gewinnen, gewann, hat gewonnen|to win, gain
leben, lebte, hat gelebt|to live
meinen, meinte, hat gemeint|to think, opine
mögen, mag, mochte, hat gemocht|to like, may
nennen, nannte, hat genannt|to name
schaffen, schaffte, hat geschafft|to manage, pull off
schaffen, schuf, hat geschaffen|to create
schreiben, schrieb, hat geschrieben|to write
setzen, setze, gesetzt|to set, put, place in a seated position
sich setzen, setzte sich, hat sich gesetzt|to seat oneself, to sit down
sprechen, sprach, hat gesprochen|to speak
steigen, stieg, ist gestiegen|to climb, rise, increase
treffen, trifft, traf, hat getroffen|to meet, to hit
tun, tat, hat getan|to do
wissen, weiss, wusste, hat gewusst|to know (a fact)
ziehen, zog, hat gezogen|to pull, move, drag
bekannt|familiar, known, famous
deutlich|distinct, explicit, clear
einfach|simple, easy, plain, one-way
frei|free, available
früh|early
gemeinsam|together, common, mutual
gleich|equal, alike, same
international|international
jährig|years of age
klar|clear, lucid, bright
möglich|possible
nah|near, close
politisch|political(ly)
richtig|right(ly), correct(ly)
rund|round, around
schnell|fast
schön|beautiful
schwer|heavy, difficult
spät|late, later
vergangen|past, bygone
der Januar (Jänner), Februar, März, April, Mai, Juni, Juli, August, September, Oktober, November, Dezember|January (Austria: January), February, March, April, May, June, July, August, September, October, November, December
mir|me
ihn|him
welch(e,er,es)|which
neben|beside, next to
während|during, while
also|therefore, thus, well
besonders / besonder-|especially / special
bisher|so far, up to now
darauf|on it / on them, thereupon, thereafter
davon|of or from it / them, thereof
etwas|something, somewhat
fast|almost
gar|at all
gerade|just now, straight, even #, ungerade = odd or uneven
sogar|even, in fact
wohl|probably, well
der Montag, -e|Monday
der Dienstag, -e|Tuesday
der Mittwoch, -e|Wednesday
der Donnerstag, -e|Thursday
der Freitag, -e|Friday
der Samstag, -e / der Sonnabend, -e|Saturday
der Sonntag, -e|Sunday
das Wochenende, -n|weekend
montags, dienstags, usw.|on Mondays, on Tuesdays, etc.
der Abend, -e|evening
der Anfang, die Anfänge|start, beginning
die Angabe, -n|statement, declaration
die Art, -en|type, kind
das Auto, -s|car
die Band, -s|band (music)
der Band, die Bände|volume, tone
das Band, die Bänder|ribbon, strap, cord
der Bereich, -e|area, region, scope
das Buch, die Bücher|book
die Chance, -n|chance
der Erfolg, -e|success, achievement
das Ergebnis, die Ergebnisse|result, findings, outcome
das Gespräch, -e|conversation, dialog
die Hand, die Hände|hand
die Information, -en (die Info)|information
das Jahrhundert, -e|century
der Kreis, -e|circle, sphere, county, district
die Musik|music
die Partei, -en|political party
der Preis, -e|price, prize, award
das Programm, -e|program, channel, routine
das Projekt, -e|project
die Regierung, -en|government
die Region, -en|region
die Saison, -s|season
der Sieg, -e|victory, win, triumph
der Staat, -en|state, country, nation
der Titel, -|title, heading
das Tor, -e|gate, goal, portal
das Werk, -e|plant, factory, work of art, opus
das Wort, die Worte|word 
words--when strung together, words = meaning
das Wort, die Wörter|word
words--when referring to word counts
die Zahl, -en|number, digit, numeral
die Zukunft|future
brauchen, brauchte, hat gebraucht|to need
denken, dachte, hat gedacht|to think
entscheiden, entschied, hat entschieden|to decide
entstehen, entstand, ist entstanden|to originate, develop
erscheinen, erschien, ist erschienen|to appear, to show up, come into view
erwarten, erwartete, hat erwartet|to expect, await
fahren, fährt, fuhr, ist gefahren|to drive, ride, go
fallen, fällt, fiel, ist gefallen|to fall
fehlen, fehlte, hat gefehlt|to be lacking, missing
feiern, feierte, hat gefeiert|to celebrate
laufen, läuft, lief, ist gelaufen|to run, walk
legen, legte, hat gelegt|to lay, put, place
planen, plante, hat geplant|to plan
scheinen, schien, hat geschienen|to seem, appear, shine
sorgen, sorgte, hat gesorgt|to worry, to care
suchen, suchte, hat gesucht|to seek, look for, look up
tragen, trägt, trug, hat getragen|to carry, to wear
treten, tritt, trat, ist/hat getreten|to kick, step, tread
übernehmen, übernimmt, übernahm, hat übernommen|to assume (responsibility), take on, take over
verlieren, verlor, hat verloren|to lose
versuchen, versuchte, hat versucht|to try, attempt
außerdem|besides, furthermore, moreover, on top of this, what's more
ebenfalls|likewise, same to you
allein|alone
damals|back then, at that time
darüber|overhead, thereover, about or above it / them
derzeit|currently, at present, for now
deshalb|therefore, that's why
insgesamt|altogether, overall, in all
kaum|hardly
nachdem|after
nie|never
öffentlich|public
oft|often
pro|per
schließlich|in the end, finally
velleicht|maybe, perhaps
zudem|in addition, moreover
zunächst|first, at first, for now
zurück|back
zusammen|together, en masse
der Herr, -n, -en|gentleman; Mr.; sir, lord, Lord
die Leute (pl)|people
die Mitarbeiterin, -nen|female employee, co-worker
die Person, -en|person
die Schülerin, -nen|female student
der Schüler -|male student
der Trainer, -|coach
der / die Vorsitzende, -n|chairperson
zu dritt|in a threesome, trimerous
dritte(r,s)|third
ehemalig|former(ly), ex
einzig|sole, only, single
europäisch|European
genau|exact(ly)
knapp|barely, meager, scant(ly)
kommend|(up)coming, future
leicht|easy, light, airy
mehrere|several
natürlich|natural(ly)
offen|open, frank, honest
sicher|safe, secure, certain
verschieden|different, diverse
voll|full(y)
weiter / weiter- / und so weiter (usw.)|further / additional / and so on (etc)
wollen|woolen, wooly
das Amt, die Ämter|office, bureau, department
das Angebot, -e|offer
die Aufgabe, -n|task
die Ausstellung, -en|exhibit
die Bank, die Banken|bank (financial)
die Bank, die Bänke|bench
der Beginn|beginning
der Beitrag, die Beiträge|contribution
der Blick, -e|look, view, glance
die Diskussion, -en|discussion
der Einsatz, die Einsätze|deployment, application, effort, commitment
die Entscheidung, -en|decision
die Entwicklung, -en|development
die Firma, die Firmen|company; firm
die Folge, -n|result, consequence, TV episode
die Form, -en|form, shape
der Fußball, die Fußbälle|soccer, soccer ball
der (American) Football|American football
die Gesellschaft, -en|society, company, organization, party (social event)
die Hilfe, -n|help
die Höhe, -n|altitude, height, extent
der Markt, die Märkte|market
die Maßnahme, -n|measure, sanction, scheme, step
die Mitte, -n|middle, center
die Möglichkeit, -en|possibility, opportunity, option
die Nacht, die Nächte|night
die Politik|politics, policy
der Raum, die Räume|space, room, region, scope
die Rolle, -n|role (theater, society), roll (gymnastics), character
die Sache, -n|matter, thing, concern
die Stelle, -n|place, position, post, job
das Stück|piece, play (theater), slice, chunk
das Telefon, -e|telephone
die Veranstaltung, -en|event, meeting, session
die Wahl, -en|choice, election
der Weblink, -s|weblink
die Zeitung, -en|newspaper
bauen, baute, hat gebaut|to build
(sich) befinden, befand, befunden|to be (located)
erzählen, erzählte, hat erzählt|to tell
fragen, fragte, hat gefragt|to ask
(sich) freuen, freute, gefreut|to be happy
glauben, glaubte, hat geglaubt|to believe
handeln, handelte, hat gehandelt|to deal, trade
helfen, hilft, half, hat geholfen|to help
hören, hörte, gehört|to hear
kennen, kannte, hat gekannt|to know (person, place), to be aware of, acquainted w/
nutzen, nutzte, hat genutzt|to use
rechnen, rechnete, hat gerechnet|to reckon, calculate, count, do arithmetic
schlagen, schlägt, schlug, hat geschlagen|to hit, beat, slug
schließen, schloss, hat geschlossen|to close, shut, conclude
sitzen, saß, hat gesessen|to sit, to be sitting, to be based
teilen, teilte, hat geteilt|to share, divide
unterstützen, unterstützte, hat unterstützt|to support, promote
verstehen, verstand, verstanden|to understand
wählen, wählt, wählte, hat gewählt|to choose, to elect, select, dial (phone)
zählen, zählte, gezählt|to count, total, tally
aktuell|current, topical
amerikanisch|American
dagegen|against it / them, however, on the contrary, in contrast
daher|therefore, hence, as a result
danach|afterwards, thereafter, after it
daran|thereon, at it, on it, to it
direkt|straight, direct(ly)
ebenso|likewise, alike, equally, as well
eher|sooner, rather
eigentlich|actually, in fact, rather
erfolgreich|successful
erstmals|initially, for the first time
fest|firm, solid, sturdy
folgend|following,
subsequent
französisch|French
inzwischen|meanwhile, since then, by then
jeweils|respectively, each, in each case
künftig|coming, prospective, future
schlecht|bad, poor, evil, foul
warum|why
weiß|white
wenig|few, little, sparse
wirklich|actually, really, truly
zahlreich|numerous
zusätzlich|additional, further
zuvor|previously, beforehand
manch(e,er,es)|some, many
laut|according to, loud
hinter|behind
statt / anstatt|instead of
gegenüber|opposite, across from
trotz|in spite of
obwohl|although
der Autor, -en|author (male)
der Besucher, -|visitor (m)
der Bürger, -|male citizen
der Bürgermeister, -|mayor
der / die Deutsche, -n|German
die Eltern (pl)|parents
der Freund, -e|male friend
die Freundin, -nen|female friend
der / die Grüne, -n|environmentalist, Green Party member
der /die Jugendliche, -n|young person, youth
die Mutter, die Mütter|mother
der Sohn, die Söhne|son
der Spieler, -|player (male)
der Vater, die Väter|father
das Auge, -n|eye
der Bau, die Bauten, die Baue|construction, building
der Bericht, -e|report, account
der Betrieb, -e|plant, firm, operation
die Bühne, -n|stage, platform
der Chef, -s|boss, employer (m)
die Chefin, -nen|boss, employer (f)
der Dollar, -/-s|dollar
die Führung, -en|conduct, leadership, guidance, management, tour (with a guide)
die Idee, -n|idea
das Interesse, -n|interest, demand, concern
das Internet|internet
der Kampf, die Kämpfe|conflict, fight, struggle
die Karte, -n|card, map, ticket, menu
der Kilometer, - (km)|kilometer
die Klasse, -n / klasse!|class, grade, sort / awesome!
das Konzert, -e|concert
der Kopf, die Köpfe|head
die Kosten (pl)|costs, expenses
die Kraft, die Kräfte|strength, force, power, energy, vigour, vitality
der Krieg, -e|war
die Kritik, -en|criticism, review, critique, censure
der Kunde, -n, die Kundin, -nen|customer
die Kunst, die Künste|art(s), artificial, skill, craft, trick
die Lage, -n|position, location
die Leistung, -en|performance, achievement, accomplishment, power, effort
die Literatur|literature
das Mädchen|girl
die Milliarde, -n (Mrd)|in UK: thousand, million or milliard, in USA: billion
das Museum, die Museen|museum
das Opfer, -|victim, sacrifice
der Politiker, -|male politician, statesman
die Politikerin, -nen|female politician, stateswoman
das Publikum|audience, crowd, public
die Quelle, -n|source, well, spring, resource
der Rahmen, -|frame, framework
das Recht, -e / recht|law, right, justice / fair(ly), right(ly), quite
die Richtung, -en|direction, tendency, route
der Satz, die Sätze|sentence, clause, theorem, jump
der Schweizer, -|male Swiss citizen
die Schweizerin, -nen|female Swiss citizen
der Sinn, -e|sense, mind, meaning, point
die Situation, -en|situation, circumstances, case
die Stimme, -n|voice, vote
die Tochter, die Töchter|daughter
der Tod, -e|death
die Universität, -en|university
die Verfügung, -en|ordinance, regulation, disposal
das Wasser, die Wässer|water
der Wert, -e / wert|value, worth, worth(y)
die Wirtschaft, -en|economy / pub, inn
der Zug, die Züge|train, trug, draft, drag (cig.), move, trait
der Zuschauer, -|spectator, viewer, onlooker, audience member
ändern, änderte, hat geändert|to change, alter
bestätigen, bestätigte, hat bestätigt|to confirm
bezeichnen, bezeichnete, hat bezeichnet|to designate, label, describe
bilden, bildete, hat gebildet|to form, educate
einsetzen, setzte ein, hat eingesetzt|to put in, insert, deploy
entsprechen, entspricht, entsprach, hat entsprochen|to correspond to
erinnern, erinnerte, hat erinnert|to remind
sich erinnern, erinnerte sich, hat sich erinnert|to remember
gelingen, gelang, ist gelungen|to be successful, to succeed
hoffen, hoffte, hat gehofft|to hope
holen, holte, hat geholt|to fetch, to go get
kosten, kostete, hat gekostet|to cost / to taste, sample food
laden, lädt, lud, hat geladen|to load, charge
lernen, lernte, hat gelernt|to learn, to study, to do homework
lesen, liest, las, hat gelesen|to read / to pick (grapes)
melden, meldete, hat gemeldet|to report, announce, notify
öffnen, öffnete, hat geöffnet|to open
präsentieren, präsentierte, hat präsentiert|to present
stammen, stammte, hat gestammt|to stem, originate
starten, startete, gestartet|to launch, start
sterben, stirbt, starb, ist gestorben|to die
stimmen, stimmte, hat gestimmt|to vote
verlassen, verlässt, verliess, hat verlassen|to leave
verletzen, verletzte, verletzt|to injure, harm, breach
wachsen, wächst, wuchs, gewachsen|to grow, increase
warten, wartete, hat gewartet|to wait
wirken, wirkte, hat gewirkt|to appear, seem, work, have an effect, take effect
ähnlich|like, similar
anders|different
bald|soon
bestimmt|certain(ly), for sure
bislang|yet, until now
dennoch|nevertheless, yet
eben|even, level, smooth, just
einzeln|individual, single
entsprechend|appropriate, respective, applicable, corresponding
erneut|again, anew, renewed
falsch|wrong, false
gesamt|entire, complete
heutig|today's, present, modern
hin|movement away from speaker, broken
historisch|historical
je|ever, each
lieb|dear, kind
ob|whether, if
offiziell|official(ly)
per|per
persönlich|personal
positiv|positive
privat|private
rot|red
sozial|social
tatsächlich|actually, indeed, literally
überhaupt|anyway, generally, ever, at all
völlig|completely, utter, entire(ly)
weiterhin|in addition, still, furthermore
zuletzt|last (ly), finally, recently, lately
zumindest|at least, at any rate
die Aktion, -en|action, campaign, initiative, sale
der Arzt, die Ärzte|physician (m)
die Ärztin, -nen|physician (f)
das Bad, die Bäder|spa, bath, bathroom
die Bahn, -en|railroad, train, track, lane, orbit
der Berliner, -|Berlliner (m), doughnut
die Berlinerin, -nen|Berliner (f)
die Bevölkerung|population
der Bund, die Bünde|association, alliance, federation, union
die Erfahrung, -en|experience, know-how, emperical knowledge
das Fahrzeug, -e|vehicle
das Gebäude, -|building
das Gebiet, -e|area, region, domain
der Geburtstag, -e|birthday
der Gegner, -|opponent (m), adversary, enemy
das Gericht, die Gerichte|dish, court, tribunal
das Geschäft, -e|shop, store, business, firm, deal
das Gesetz, -e|law, statute
die Grenze, -n|border, boundary, limit
die Hälfte, -n|half
der Hinweis, -e|hint, clue, pointer
der Junge, -n|boy
der Klub, -s|club
der Kontakt, -e|contact
die Kultur, -en|culture, civilization, crop
der Künstler, -|artist (m)
die Künstlerin, -nen|artist (f)
die Liste, -n|list
die Lösung, -en|solution
die Meinung, -en|opinion
die Partie, -n|game, match (marriage), part (opera role), section
der Plan, die Pläne|plan
die Reihe, -n|row, series
die Runde, -n|lap, round, circuit
der Schritt, -e|step, pace
der Sommer, -|summer
die Sprache, -n|language, speech
der Teilnehmer, -|participant
der Text, -e|text
das Theater, -|theater
ds Tier, -e|animal, beast
die Unterstützung, -en|support
der Verlag, -e|publisher
der Vertrag, die Verträge|contract, treaty
der Vertreter, -|proxy (m), representative, agent
die Vertreterin, -nen|proxy (f), representative, agent
der Vorstand, die Vorstände|(executive) board, chairman, directorate
die Wohnung, -en|apartment, dwelling
anbieten, bot an, hat angeboten|to provide, offer
aufnehmen, nimmt auf, nahm auf, hat aufgenommen|to record, include
bedeuten, bedeutet, hat bedeutet|to mean, signify
betonen, betonte, hat betont|to emphasize, stress
betragen, beträgt, betrug, hat betragen|to amount to
sich betragen, beträgt sich, betrug sich, hat sich betragen|to behave
bitten, bat, hat gebeten|to request, ask
drohen, drohte, hat gedroht|to threaten, to be in danger of
entwickeln, entwickelte, hat entwickelt|to develop
erhöhen, erhöhte, hat erhöht|to raise, increase, heighten
erkennen, erkannte, hat erkannt|to realize, recognize, perceive
eröffnen, eröffnete, hat eröffnet|to open
sich fühlen, fühlte sich, hat sich gefühlt|to feel
gründen, gründete, hat gegründet|to found, establish
leisten, leistete, hat geleistet|to achieve, perform, render
sich (Dat) leisten, leistete, geleistet|to afford
reichen, reichte, hat gereicht|to reach, to be enough
rufen, rief, hat gerufen|to call, shout
verbinden, verband, hat verbunden|to connect, to bind
vertreten, vertritt, vertrat, hat vertreten|to represent
verwenden, verwendete, hat verwendet|to use, apply employ
vorstellen, stellte vor, hat vorgestellt|to introduce, suggest
sich (Dat) vorstellen, stellte sich vor, sich vorgestellt|to imagine
weisen, wies, hat gewiesen|to indicate, point out
werfen, wirft, warf, hat geworfen|to throw
zahlen, zahlte, hat gezahlt|to pay
aktiv|active(ly)
allgemein|general(ly)
beispielsweise|for example
britisch|British
dadurch|through it, as a result
englisch|English
finanziell|financial
gering|slight, low, small
gern, gerne|gladly, willingly
halb|half
hart|tough, severe, hard
häufig|frequent(ly)
innerhalb|within
jener, jene, jenes, usw.|that
meist|most
mindestens|at least
modern|modern
nämlich|namely, that is to say
niemand|no one, nobody
österreichisch|Austrian
paar|few, some, a couple of
russisch|Russian
schwarz|black
sofort|immediately
sonst|else, otherwise
sowohl + als auch|both + and
technisch|technical
tief|deep
trotzdem|still, yet, nevertheless
unterschiedlich|different, diverse, various
elf, zwölf,
dreizehn, vierzehn,
fünfzehn, sechzehn,
siebzehn, achtzehn,
neunzehn, zwanzig|11-20
die Angst, die Ängste|fear
die Anmeldung, -en|registration, enrollment
der Auftritt, -e|appearance (on stage), gig
die Aussage, -n|statement
die Bedeutung, -en|meaning
der Begriff, -e|term, concept
die Behörde, -n|agency, authority
der Besuch, -e|visit
der Boden, die Böden|floor, bottom, soil
das Ding, -e|thing
das Dorf, die Dörfer|village
der Druck|pressure, strain, printing
der Fan, -s|fan
die Feuerwehr, -en|fire department
die Gefahr, -en|danger
der Gott, die Götter|God
das Herz, -en|heart
das Institut, -e|institute
die Jugend|youth, young people, adolescence
der Kollege, -n|colleague (m)
die Kollegin, -nen|colleague (f)
das Konzept, -e|concept
die Leiterin, -nen|leader (f)
der Leiter, -|leader (m)
die Leiter, -n|ladder
die Leitung, -en|line, wire, leadership
die Liebe, -n|love
die Linie, -n|line, route
das Mittel, -|means
die Niederlage, -n|defeat, loss
die Organisation, -en|organization
die Rede, -n|speech, address
das Schloss, die Schlösser|lock, castle
die Sicherheit|safety, security, sureness
die Soldatin, -nen|soldier (f)
der Soldat, -en|soldier (m)
der Sport|sport(s)
die Sportart, -en|type of sport
die Sprecherin, -nen|speaker, announcer (f)
der Sprecher, -|speaker, announcer (m)
der Start, -s|start, launch, takeoff
das System, -e|system
die Union, -en|union
der Vergleich, -e|comparison
der Vorschlag, die Vorschläge|suggestion, recommendation
die Weise, -n|manner, way
die Zusammenarbeit, -en|collaboration
anschliessend|subsequent(ly), after that
bevor|before
bisherig|up to now, previous, former
breit|broad, wide
darin|in it, therein
darum|around it, therefore, for that reason
darunter|under it, including
dein|your (thine)
durchaus|thoroughly, definitely
endlich|finally, at long last
eng|tight, narrow, close
evangelisch|Protestant, evangelic
früher|earlier, former, previous
gleichzeitig|simultaneous, at the same time
immerhin|after all
jährlich|annual(ly)
jemand|someone, anyone
katholisch|Catholic
längst|long ago, long since
lediglich|merely, just
mittlerweile|meanwhile
musikalisch|musical
national|national
nötig|necessary, required
notwendig|necessary, indispensible
oben|above, at the top
schwierig|difficult, tough
selten|seldom
sogenannt|so-called
täglich|daily
teuer|expensive, dear
verantwortlich|responsible
viert-|fourth
weltweit|worldwide
wesentlich|essential(ly)
wirtschaftlich|economic, financial
zufrieden|pleased, satisfied
zuständig|responsible, competent
(sich) äussern, äusserte, geäussert|to voice, express
beschliessen, beschloss, hat beschlossen|to resolve, decide
beschreiben, beschrieb, hat beschrieben|to describe
besuchen, besuchte, besucht|to visit, attend
beteiligen, beteiligte, hat beteiligt|to participate, partake
dauern, dauerte, hat gedauert|to last, endure
dienen, diente, hat gedient|to serve
erfahren, erfährt, erfuhr, hat erfahren|to experience, learn, find out, hear
erfolgen, erfolgte, erfolgt|to take place, occur
ergeben, ergibt, ergab, hat ergeben|to result in
erleben, erlebte, hat erlebt|to experience, to undergo an experience
kämpfen, kämpfte, hat gekämpft|to brawl, fight
kaufen, kaufte, hat gekauft|to buy
kritisieren, kritisierte, hat kritisiert|to criticize
reden, redete, hat geredet|to speak, talk
scheitern, scheiterte, ist gescheitert|to fail, founder
sichern, sicherte, gesichert|to secure, ensure
singen, sang, hat gesungen|to sing
veerhindern, verhinderte, verhindert|to prevent
verkaufen, verkaufte, hat verkauft|to sell
wechseln, wechselte, hat gewechselt|to change, switch
wünschen, wünschte, hat gewünscht|to wish
der Abschluss, die Abschlüsse|end, conclusion, completion of studies (graduation)
die Anlage, -n|(sports) complex, investment, attachment
der Antrag, die Anträge|application (form)
die Antwort, -en|answer
der Arbeitsplatz, die Arbeitsplätze|workplace
der Auftrag, die Aufträge|instructions, order, job
der Bezirk, -e|district
der Bruder, die Brüder|brother
die Dame, -n|lady
das Datum, die Daten|date, data
der Dienst, -e|service
die Einrichtung, -en|institution, furnishings
die Expertin, -nen|expert (f)
der Experte, -n|expert (m)
der Fuß, die Füße|foot, feet
die Gemeinderätin, -nen|councilwoman
der Gemeinderat, die Gemeinderäte|councilman
die Geschäftsführerin, -nen|general manager (f), executive director
der Geschäftsführer, -|general manager (m), executive director
das Glück|fortune, luck, happiness
der Herbst, -e|fall (harvest), autumn
die Hoffnung, -en|hope
das Hotel, -s|hotel
die Königin, -nen|queen
der König, -e|king
das Krankenhaus, die Krankenhäuser|hospital
der Kurs, -e|course, exchange, rate
der Lauf, die Läufe|run
die Lehrerin, -nen|teacher (f)
der Lehrer, -|teacher (m)
das Lied, -er|song
die Liga, die Ligen|league, division
das Medium, die Medien|medium, media
die Mehrheit, -en|majority
die Meisterin, -nen|master (f), champion
der Meister, -|master (m), champion
die Ministerpräsidentin, -nen|prime minister (f)
der Ministerpräsident, -en|prime minister (m)
das Parlament, -e|parliament
die Position, -en|position
der Prozess, -e|process
der Rang, die Ränge|rank
der Rat, die Räte|advice, council, counselor
die Regel, -n|rule
das Rennen, -|race, running
der Schaden, die Schäden|damage
die Sitzung, -en|meeting, session
der Stand, die Stände|stand, stage
die Strecke, -n|stretch, distance, route
die Täterin, -nen|perp, culprit (f)
der Täter, -|perp, culprit (m)
das Urteil, -e|verdict, judgment
der Verband, die Verbände|association, bandage
das Verhältnis, -se|relationship, proportion
das Volk, die Völker|people, nation, folk
das Vorjahr, -e|previous year
die Vorstellung, -en|idea, introduction, performance
der Wetttbewerb, -e|competition, contest
der Wunsch, die Wünsche|wish, desire
das Zentrum, die Zentren|center
der Zusammenhang, die Zusammenhänge|connection, context
abschließen, schloss ab, abgeschlossen|to lock, conclude
ankündigen, kündigte an, hat angekündigt|to announce
belegen, belegte, hat belegt|to attend (a class), to cover, to prove
bestimmen, bestimmte, hat bestimmt|to decide, determine
darstellen, stellte dar, hat dargestellt|to depict, portray
einladen, lädt ein, lud ein, hat eingeladen|to invite, to load
entdecken, entdeckte, hat entdeckt|to discover
enthalten, enthält, enthielt, hat enthalten|to contain
erzielen, erzielte, hat erzielt|to achieve, reach
fördern, förderte, hat gefördert|to promote, support
geraten, gerät, geriet, ist geraten|to get in(to), to turn out
hängen, hängte, hat gehängt|to hang
hängen, hing, hat gehangen|to be hanging
kündigen, kündigte, hat gekündigt|to terminate, resign, cancel
leiten, leitete, hat geleitet|to lead
liefern, lieferte, hat geliefert|to deliver, supply, provide
lösen, löste, hat gelöst|to solve, loosen
passieren, passierte, ist passiert|to happen
reagieren, reagierte, hat reagiert|to react
stattfinden, fand statt, stattgefunden|to take place
überzeugen, überzeugte, überzeugt|to convince, persuade
verbessern, verbesserte, verbessert|to improve
verdienen, verdiente, verdient|to earn, deserve
verlangen, verlangte, verlangt|to require, demand
versprechen, verspricht, versprach, hat versprochen|to promise
sich versprechen (veerspricht), versprach, versprochen|to misspeak, to make a mistake
verzichten|to forgo, do without
warnen, warnte, gewarnt|to warn
ausser|except for, besides
bereit|ready
diesmal|this time
gewiss|certain(ly)
hinaus|out, beyond
hingegen|whereas, however
insbesondere|especially
italienisch|Italian
jedenfalls|in any case
jugendlich|youthful, adolescent
leider|unfortunately
links|left
morgen|tomorrow
nein, nee, nö|no
plötzlich|suddenly
somit|consequently
traditionell|traditional
übrig|remaining, left
ursprünglich|original(ly)
weder|neither
wobei|whereby, where, at what, whereas
zugleich|both, at the same time
der/die Alte|old man/woman
das Alter, -|age
Alter!|dude!
der Angriff, -e|attack
die Ansicht, -en|view, opinion
der Anteil, -e|share, portion
die Ausbildung, -en|training, development
die Ausgabe, -n|distribution, edition, expenses
der Bahnhof, die Bahnhöfe|train station
der Ball, die Bälle|ball
der Baum, die Bäume|tree
der Einwohner, -|inhabitant
der Fehler, -|mistake, error
die Forderung, -en|demand, claim
der Franken, -|franc
die Freude, -n|joy, pleasure
das Gefühl, -e|feeling
das Gesicht, -er|face
der Grad, -e|degree
der Hintergrund, die Hintergründe|background
die Insel, -n|island
die Kandidatin, -nen|candidate (f)
der Kandidat, -en|candidate (m)
der Kanton, -e|canton
der Konzern, -e|corporation
der Landkreis, -e|district, county
das Licht, -er|light
die Luft, Lüfte|air
die Menge, -n|quantity, amount, a lot
das Modell, -e|model
das Motto, -s|motto
die Nähe|vicinity, proximity
die Natur, -en|nature
die Nummer, -n|number
die Patientin, -nen|patient (f)
der Patient, -en|patient (m)
das Produkt, -e|product
die Professorin, -nen|professor (f)
der Professor, -en|professor (m)
das Rathaus, die Rathäuser|city hall
die Redaktion, -en|ediitorial dept., editors
der Roman, -e|novel
der Schluss, die Schlüsse|end, conclusion
die Sekunde, -n|second
die Serie, -n|series
die Sicht, -en|sight, view
der Spaß, die Späße|fun
die Spitze, -n|point, top, peak
der Standort, -e|site, location
der Streit|argument
die Szene, -n|scene
die Tat, -en|deed
die Tür, -en|door
der Unfall, die Unfälle|accident
die Verbindung, -en|connection, link
das Verfahren, -|method, process, technique
die Verhandlung, -en|negotiation
der Versuch, -e|attempt, experiment
der Vorwurf, die Vorwürfe|accusation, reproach
der Wald, die Wälder|forest, woods
beenden, beendete, beendet|to end sth, finish sth
besitzen, besaß, besessen|to possess, own, occupy
beweisen, bewies, bewiesen|to prove
bezahlen, bezahlte, bezahlt|to pay
enden, endete, geendet|to end
greifen, griff, gegriffen|to take hold of, reach
herrschen, herrschte, geherrscht|to rule, prevail
informieren, informierte, informiert|to inform
lauten, lautete, gelautet|to read, i.e. to have as content
mitteilen, teilte mit, mitgeteilt|to inform
organisieren, organisierte, organisiert|to organize
passen, passte, gepasst|to fit, suit, pass
richten, richtete, gerichtet|to direct, repair, follow
sinken, sank, ist gesunken|sink, drop
stecken, steckte, gesteckt|to put, to be located
stoßen, stieß, gestoßen|to bump, push
teilnehmen, nimmt teil, nahm teil, teilgenommen|to take part, participate
(sich) verändern, veränderte, verändert|to change
vergessen, vergisst, vergass, vergessen|to forget
veröffentlichen, veröffentlichte, veröffentlicht|to publish
wohnen, wohnte, gewohnt|to live, reside
angesichts|in view of
aufgrund|on the basis of, because of
der/die/dasselbe|the same
echt|genuine, real
entfernt|distant
genug|enough
grün|green
heiss|hot
her|from somewhere, towards the speaker
interessant|interesting
konkret|concrete
manchmal|sometimes
offenbar|obvious
regelmäßig|regular
rein|pure, clear, clean
speziell|special
staatlich|state, government, national
ständig|constant
stets|always
tätig|active
teilweise|partly
der / die Abgeordnete, -n|member of parliament
der Abschnitt, -e|portion, section
der Anlass, die Anlässe|occasion, cause
der Anspruch, die Ansprüche|claim
das Ausland|foreign countries
der Berg, -e|mountain
die Bewegung, -en|movement, motion
die Beziehung, -en|relation(ship)
der Brief, -e|letter
die Bundesliga, -ligen|(sport) national division
die Bundesregierung, -en|Federal Government
der Chor, die Chöre|choir
die Datei, -en|data file
der Eindruck, die Eindrücke|impression
die Energie, -n|energy
das Engagement|commitment
der Fahrer, -|driver (m)
die Fahrerin, -nen|driver (f)
die Farbe, -n|color
das Finale|finale
die Fraktion, -en|faction, fraction
die Gewalt, -en|violence, force
der Gewinn, -e|profit
die Hauptstadt, die Hauptstädte|capital
der Haushalt, -e|budget, household
die Heimat|homeland
der Hof, die Höfe|courtyard, yard
die Initiative, -n|initiative
die Karriere, -n|career
der Kindergarten, die Kindergärten|kindergarten
die Koalition, -en|coalition
die Macht, die Mächte|might, power
der Moment, -e|moment
der Musiker, -|musician (m)
die Musikerin, -nen|musician (f)
die Nachricht, -en|message, news
die Öffentlichkeit, -en|public
der Osten|east
der Partner, -|partner (m)
die Partnerin, -nen|partner (f)
die Pause, -n|pause
die Qualität, -en|quality
die Reise, -n|trip, travel
der Richter, -|judge (m)
die Richterin, -nen|judge (f)
der See, -n|lake
die See, -n|sea
der Sitz, -e|seat, headquarters
die Stimmung, -en|mood, atmosphere
der Student, -en|student (m)
die Studentin, -nen|student (f)
die Studie, -n|study
die Technik, -en|technology, technique
der Termin, -e|appointment, date
der Tisch, -e|table
die Truppe, -n|troops, unit
das Turnier, -e|tournament
der Umsatz, die Umsätze|turnover, sales
die Vergangenheit, -en|past
der Verkauf, die Verkäufe|sale, selling
der Verkehr|traffic
die Veröffentlichung, -en|publication
die Verwaltung, -en|administration
der Vortrag, die Vorträge|lecture
der Wagen, -|car, carriage
der Weltkrieg, -e|world war
der Winter, -|winter
das Zeichen, -|sign
begrüßen, begrüßte, begrüßt|to greet
besetzen, besetzte, besetzt|to occupy, fill
betreiben, betrieb, betrieben|to proceed w/, to operate
bewegen, bewegte, bewegt|to move
diskutieren, diskutierte, diskutiert|to discuss
drehen, drehte, gedreht|to turn
einstellen, stellte ein, eingestellt|to adjust, employ, stop
erläutern, erläuterte, erläutert|to explain
ermöglichen, ermöglichte, ermöglicht|to enable
geschehen, geschah, ist geschehen|to happen, occur
gestalten, gestaltete, gestaltet|to shape, design
interessieren, interessierte, interessiert|to interest
sich interessieren, interessierte sich, sich interessiert|to be interested
prüfen, prüfte, geprüft|to examine, check
retten, rettete, gerettet|to save, rescue
sammeln, sammelte, gesammelt|to collect, gather
schauen, schaute, geschaut|to look
schützen, schützte, geschützt|to protect
töten, tötete, getötet|to kill
umfassen, umfasste, umfasst|to include, consist of
verfügen, verfügte, verfügt|to have at one's disposal, be in charge
verurteilen, verurteilte, verurteilt|to condemn
absolut|absolute
betroffen|affected, concerned, shocked
entscheidend|decisive
erheblich|considerable
gefährlich|dangerous
komplett|complete
normal|normal
schwach|weak
sportlich|athletic
toll|great, teriffic
tot|dead
übrigens|by the way
unbekannt|unknown
unterwegs|on the way
vorhanden|available, existing
wahr|true
wahrscheinlich|probable
angeblich|alleged
bayerisch|Bavarian
betont|emphasized
bunt|colorful
damalig|at that time
einst|once, at one time, one day
endgültig|final
freiwillig|voluntary
grundsätzlich|fundamental
heftig|heavy, violent
indem|while, by
jüdisch|Jewish
klassisch|classical
langsam|slow
laufend|ongoing
möglichst|as possible
obere|upper
praktisch|practical
rechts|on, to the right
regional|regional
selber|self
türkisch|Turkish
unabhängig|independent
unmittelbar|immediate, direct
vorher|beforehand, earlier
wissenschaftlich|scientific, scholarly
zentral|central
zufolge|according to
ablehnen, lehnt ab, lehnte ab, abgelehnt|to refuse, reject, turn down
antreten, trat an, angetreten|to take up, start
aufbauen, baute auf, aufgebaut|to build up
begleiten, begleitete, begleitet|to accompany
behandeln, behandelte, behandelt|to treat
behaupten, behauptete, behauptet|to claim, maintain
beschäftigen, beschäftigte, beschäftigt|to employ, be busy, deal with
betrachten, betrachtete, betrachtet|to look at, consider
betreffen, betraf, betroffen|to affect, concern
beziehen, bezog, bezogen|to refer, put, get
brechen, bricht, brach, gebrochen|to break
erfüllen, erfüllte, erfüllt|to grant, fulfill
ergänzen, ergänzte, ergänzt|to add, complete
erlauben, erlaubte, erlaubt|to allow, permit
errichten, errichtet, errichtet|to build, erect
ersetzen, ersetzte, ersetzt|to replace, reimburse
feststellen, stellte fest, festgestellt|to establish, detect
fliegen, flog, ist geflogen|to fly
funktionieren, funktionierte, funktioniert|to function, work
gefallen, gefällt, gefiel, gefallen|to please, to appeal
landen, landete, ist / hat gelandet|to land
schätzen, schätzte, geschätzt|to estimate, value
überraschen, überraschte, überrascht|to surprise
veeranstalten, veranstaltete, veranstaltet|to organize
vergeben, vergibt, vergab, vergeben|to award, allocate, forgive, give away
verschwinden, verschwand, ist verschwunden|to disappear
vorsehen, sieht vor, sah vor, vorgesehen|to plan, provide for
zwingen, zwang, gezwungen|to force
die Änderung, -en|change
die Bäuerin, -nen|farmer (f)
der Bauer, -n|farmer (m)
der Beruf, -e|occupation, job, profession
der Eintritt, -e|entry, admission
die Erde, -n|earth, ground, soil
die Erinnerung, -en|memory
die Fahrt, -en|drive, trip
das Feld, -er|field
das Fernsehen, -|television
der Flughafen, die Flughäfen|airport
der Gedanke, -n|thought
die Gelegenheit, -en|opportunity
die Gewerkschaft, -en|trade union
der Gruss, die Grüsse|greeting
die Halle, -n|hall
der Höhepunkt, -e|high point, peak
der Hund, -e|dog
das Interview, -s|interview
das Jahrzehnt, -e|decade
die Kommission, -en|commission, committee
der Konflikt, -e|conflict
die Kontrolle, -n|inspection
die Meisterschaft, -en|championship
der Nachfolger, -|successor (m)
die Nachfolgerin, -nen|sucessor (f)
die Pfarrerin, -nen|pastor (f)
der Pfarrer, -|pastor (m)
die Post|mail, post office
der Post, -s|post (on a blog)
die Produktion, -en|production
die Reform, -en|reform
die Schauspielerin, -nen|actress
der Schauspieler, -|actor
der Schilling, -|Schilling (former Austrian currency)
die Sorge, -n|worry
die Spur, -en|track, lane
der Star, -s|star (celebrity), starling
der Stein, -e|stone, rock
die Stiftung, -en|foundation, institution, donation
die Tour, -en|tour, trip
die Untersuchung, -en|examination, investigation
der Verlust, die Verluste|loss
das Wetter, -|weather
der Zeitpunkt, -e|moment, point in time
