der, die, das| the, that, those, which, who, this one
ein, eine, ein-| a, an, one, one of
kein, keine, kein-| not a, no
sein, seine, sein-| his, its
dieser, diese, dieses, dies-| this, that, these
jeder, jede, jedes, jed-| each, every
er| he, it
es| it
sie| she, they, it, them
ich| I
wir| we
ihr| y'all, her, their
man| one, a person, people
du| you (informal, singular)
Sie| you (formal)
und| and
sich| -self
nicht| not
auch| also, too
wenn| when, whenever, if
als| as, when, than
oder| or
aber| but, however, of course
bis| until
dass| that
eins, zwei, drei, vier, fünf, sechs, sieben, acht, neun, zehn| 1-10
an, am (an dem), ans (an das)| at, on, at/on the, to
auf| on, at, on top of, in
aus| out of, out
bei / beim (bei dem)| by, with, at
durch| through, divided by, by means of
für| for
gegen| against, towards, around (time)
in, im (in dem), ins (in das)| in, in the, into
mit| with, by means of
nach| to, after
über| over, about, via
um| around, at (time)
um...zu + (Infinitiv)| in order to + (infinitive)
unter| under, beneath, among
von / vom (von dem)| from, by
vor| in front of, before, ago
zu / zum (zu dem), zur (zu der)| to, too / to the
zwischen| between
sein (ich bin, du bist, es ist, wir sind, ihr seid, sie sind, Sie sind) war, gewesen| to be
sein + Partizip| (present perfect of sein verbs)
werden (wird), wurde, ist geworden| to become, get
werden + Infinitiv| (future)
werden + Partizip| (passive)
haben (hat), hatte, gehabt| to have
haben + Partizip| (present perfect of most verbs)
wollen (will), wollte, gewollt| to want to
können (kann), konnte, gekonnt| to be able to, can
müssen (muss), musste, gemusst| to have to
sollen, sollte, gesollt| should, ought to
lassen (lässt), ließ, gelassen| to let, allow, have done
geben (gibt), gab, gegeben| to give
sagen, sagte, gesagt| to say
kommen, kam, ist gekommen| to come
gehen, ging, ist gegangen| to go
machen, machte, gemacht| to make, to do
stehen, stand, gestanden| to stand, to be located
sehen (sieht), sah, gesehen| to see
finden, fand, gefunden| to find
das Jahr, die Jahre| year
die Uhr, die Uhren| clock, o'clock
die Minute, -n| minute
das Prozent, die Prozente| %
die Zeit, die Zeiten| time
andere (-r, -s)| other
alle| all, everyone, every (pl)
da| there, since
dann| then
deutsch| German
doch| however, still, on the contrary, as a flavor word, it can add emphasis
groß| large, big, tall
gut| good, well
immer| always
mehr| more
neu| new
noch| still, yet
nur| only, just
schon| already
so| so, thus, this way, such
viel| much
was| what, which
weit| far, widely
wie| how, as
wieder| again
die Arbeit, -en|work, job
das Bild, die Bilder|picture
das Ende, -n|end
der Euro, -/-s|Euro
die Frage, -n|question
die Frau, -en|woman
das Haus, die Häuser|house
das Kind, die Kinder|child
das Land, die Länder|country, land
das Leben, -|life, living
der Mann, die Männer|man
die Mark|Mark (former currency)
der Mensch, -en|person, human
die Million, -en (Mio.)|million
der Platz, die Plätze|place, seat, spot, square
der Samstag, -e|Saturday
die Seite, -n|page, side
das Spiel, -e|game
die Stadt, die Städte|city
der Tag, -e|day
der / das Teil, -e|part, section
die Woche, -n|week
seit|since
ab|from (time)
ohne|without
wegen|because of
wer|who, whoever
wo|where
ihm|him
uns|us
unser(-)|our
mein(-)|my
denn|because, since (coordinating), as flavor word, denn can add emphasis
weil|because (subordinating)
sondern|rather
bleiben, blieb, ist geblieben|to stay, remain
liegen, lag, gelegen|to be in a horizontal position, lying, to lie, to be located
stellen, stellte, gestellt|to put, place, set
nehmen (nimmt), nahm, genommen|to take
zeigen, zeigte, gezeigt|to show
dürfen (darf), durfte, gedurft|to be allowed, permitted
halten (hält), hielt, gehalten|to keep, hold, stop
spielen, spielte, gespielt|to play
bringen, brachte, gebracht|to bring
führen, führte, geführt|to lead
gehören, gehörte, gehört|to belong
beginnen, begann, begonnen|to begin
erhalten (erhält), erhielt, erhalten|to obtain, receive
heißen, hieß, geheißen|to be called
selbst|even, self, myself, yourself, etc.
nichts|nothing
gestern|yesterday
heute|today
hier|here
bereits|already, even, as early as
jetzt|now
sehr|very
allerdings|certainly, however
alt|old
beide|both
dabei|thereby, with it, close by, there
dafür|for it
damit|with it, so, so that
dazu|to it, as well, in addition to that
dort|there, over there
eigen|own
einige-|several, some
einmal|once, one time
erst|first, just, only, not until
etwa|roughly, approximately
ganz|quite, entire, whole / wholly
hoch, hoh-|high
ja|yes, indeed, as we know
jedoch|though, however
jung|young
klein|small, little
kurz|short
lang, lange|long
letzte-|last, final
nun|now, well
sowie|and, as well as, as soon as,
stark|strong
wenig|little, few
wichtig|important
zwar|indeed, to be sure, that is to say
zweite-, zu zweit|second, as a pair
der Artikel, -|article
das Beispiel, -e|example
der Fall, die Fälle|case, fall
falls|in case, if, in the event of
die Familie, -n|family
der Film, -e|film, movie
das Foto, -s|photo
der Gast, die Gäste|guest
das Geld|money
die Gemeinde, -n|community, municipality, parish
die Geschichte, -n|history, story
der Grund, die Gründe|reason, cause
im Grunde genommen|basically, for the most part
die Gruppe, -n|group
die Kirche, -n|church
das Mal, -e / mal|time / time(s)
die Mannschaft, -en|team
der / das Meter, -|meter
das Mitglied, -er|member
der Monat, -e|month
der Name, -n, -n|name
der Ort, -e|place, location (geographical)
die Polizei (Sg.)|police
der Präsident, -en, -en|president
das Problem, -e|problem
der Punkt, -e|point
die Schule, -n|school
die Straße, -n|street
die Stunde, -n|hour, lesson
das Team, -s|team
das Thema, die Themen|subject, theme, issue
das Unternehmen, -|company, firm, enterprise
der Verein, -e|club
der Weg, -e|way, path
weg|gone, away
die Welt, -en|world
das Ziel, -e|goal, aim, target
arbeiten, arbeitete, gearbeitet|to work
bekommen, bekam, bekommen|to get, receive
berichten, berichtete, berichtet|to report, tell
bestehen, bestand, bestanden|to exist, insist, pass an exam
bieten, bot, geboten|to offer, bid
erklären, erklärte, erklärt|to explain, make clear
erreichen, erreichte, erreicht|to achieve, attain, reach
folgen, folgte, gefolgt|to follow
fordern, forderte, gefordert|to demand, require, ask
gelten (gilt), galt, gegolten|to be valid
gewinnen, gewann, gewonnen|to win, gain
leben, lebte, gelebt|to live
meinen, meinte, gemeint|to think, opine
mögen (mag), mochte, gemocht|to like, may
nennen, nannte, genannt|to name
schaffen, schaffte, geschafft|to manage, pull off
schaffen, schuf, geschaffen|to create
schreiben, schrieb, geschrieben|to write
setzen, setzte, gesetzt|to set, put, place in a seated position
sich setzen, setzte sich, sich gesetzt|to seat oneself, to sit down
sprechen, sprach, gesprochen|to speak
steigen, stieg, ist gestiegen|to climb, rise, increase
treffen (trifft), traf, getroffen|to meet, hit
tun, tat, getan|to do
wissen (weiß), wusste, gewusst|to know (facts)
ziehen, zog, gezogen|to pull, move, drag
bekannt|familiar, known, famous
deutlich|distinct, explicit, clear
einfach|simple, easy, plain, one-way
frei|free, available
früh|early
gemeinsam|common, mutual, together
gleich|equal, alike, same
international|international
jährig|years of age
klar|clear, lucid, bright
möglich|possible
nah|near, close
politisch|political(ly)
richtig|right(ly), correct(ly)
rund|round, around
schnell|fast
schön|beautiful
schwer|heavy, difficult
spät, später|late, later
vergangen|past, bygone
der Januar (Jänner)|January (Austria: January)
der Februar|February
im Februar|in February
im (Monat)|in (month)
der März|March
der April|April
der Mai|May
der Juni|June
der Juli|July
der August|August
der September|September
der Oktober|October
der November|November
der Dezember|December
mir|me
ihn|him
welch(e,er,es)|which
neben|beside, next to
während|during,while
also|therefore, thus, well
besonders / besonder-|especially /special
bisher|so far, up to now
darauf|on it / on them, thereupon, thereafter
davon|of or from it / them, thereof
etwas|something, somewhat
fast|almost
gar|at all
gerade|just now, straight
sogar|even, in fact
wohl|probably, well
der Montag, -e|Monday
der Dienstag, -e|Tuesday
der Mittwoch, -e|Wednesday
der Donnerstag, -e|Thursday
der Freitag, -e|Friday
der Sonnabend, -e|Saturday
der Sonntag, -e|Sunday
das Wochenende, -n|weekend
montags, dienstags, usw.|(on) Mondays, Tuesdays, etc.der Anfang, die Anfänge|start
die Angabe, -n|statement, declaration
die Art, -en|type, kind
das Auto, -s|car
die Band, -s|band (music)
der Band, die Bände|volume, tome
das Band, die Bänder|ribbon, strap, cord
der Bereich, -e|area, region, scope
das Buch, die Bücher|book
die Chance, -n|chance
der Erfolg, -e|success, achievement
das Ergebnis, die Ergebnisse|result, findings, outcome
das Gespräch, -e|conversation, dialog
die Hand, die Hände|hand
die Information, -en|information
das Jahrhundert, -e|century
der Kreis, -e|circle, sphere, county, district
die Musik|music
die Partei, -en|political party
der Preis, -e|price, prize, award
das Programm, -e|program, channel, routine
das Projekt, -e|project
die Regierung, -en|government
die Region, -en|region
die Saison, -s (österr: -en)|season
der Sieg, -e|victory, win, triumph
der Staat, -en|state, country, nation
der Titel, -|title, heading
das Tor, -e|gate, goal, portal
das Werk, -e|plant, factory, work of art, opus
das Wort, die Worte|word, words—when strung together, words = meaning
das Wort, die Wörter|word, words--when referring to word units, word counts
die Zahl, en|number, digit, numeral
die Zukunft|future
brauchen, brauchte, gebraucht|to need
denken, dachte, gedacht|to think
entscheiden, entschied, entschieden|to decide
entstehen, entstand, ist entstanden|to originate, develop
erscheinen, erschien, ist erschienen|to appear, to show up, come into view
erwarten, erwartete, erwartet|to expect, await
fahren (fährt), fuhr, ist gefahren|to drive, ride, go
fallen (fällt), fiel, ist gefallen|to fall
fehlen, fehlte, gefehlt|to be lacking, missing
feiern, feierte, gefeiert|to celebrate
laufen (läuft), lief, ist gelaufen|to run, walk
legen, legte, gelegt|to lay, put, place
planen, plante, geplant|to plan
scheinen, schien, geschienen|to seem, appear, shine
sorgen, sorgte, gesorgt|to worry, to care
suchen, suchte, gesucht|to seek, look for, look up
tragen (trägt), trug, getragen|to carry, to wear
treten (tritt), trat, ist / hat getreten|to kick, step, tread
übernehmen (übernimmt), übernahm, übernommen|to assume (responsibility), take on, take over
verlieren, verlor, verloren|to lose
versuchen, versuchte, versucht|to try, attempt
außerdem|besides, furthermore, moreover, on top of this, what's more
ebenfalls|likewise, same to you
allein|alone
damals|back then, at that time
darüber|overhead, thereover, about or above it / them
derzeit|currently, at present, for now
deshalb|therefore, that's why
insgesamt|altogether, overall, in all
kaum|hardly
nachdem|after
nie|never
öffentlich|public
oft|often
pro|per
schließlich|in the end, finally
vielleicht|perhaps, maybe
zudem|in addition, moreover
zunächst|first, at first, for now
zurück|back
zusammen|together, en masse
der Herr, -n, -en|Mr., sir, gentleman, lord, Lord
die Leute (pl)|people
die Mitarbeiterin, -nen|female coworker, employee
der Mitarbeiter, -|male coworker, employee
die Person, -en|person
die Schülerin, -nen|female pupil
der Schüler, -|male pupil
der Trainer, -|coach
der / die Vorsitzende, -n|chairperson
zu dritt|in a threesome, trimerous
dritte(r,s)|third
ehemalig|former(ly), ex
einzig|sole, only, single
europäisch|European
genau|exact(ly)
knapp|barely, meager, scant(ly)
kommend|(up)coming, future
leicht|easy, light, airy
mehrere|several
natürlich|natural(ly)
offen|open, frank, honest
sicher|safe, secure, certain
verschieden|different, diverse
voll|full(y)
weiter / weiter- / und so weiter (usw.)|further / additional / and so on (etc.)
wollen|woolen, woolydas Amt, die Ämter|office, bureau, department
das Angebot, -e|offer
die Aufgabe, -n|task
die Ausstellung, -en|exhibit
die Bank, die Banken|bank (fin.)
die Bank, die Bänke|bench
der Beginn|beginning
der Beitrag, die Beiträge|contribution
der Blick, -e|look, view, glance
die Diskussion, -en|discussion
der Einsatz, die Einsätze|deployment, application, effort, commitment
die Entscheidung, -en|decision
die Entwicklung, -en|development
die Firma, die Firmen|company, firm
die Folge, -n|result, consequence, TV episode
die Form, -en|shape, form
der Fußball, die Fußbälle|soccer, soccer ball
der (American) Football|American football
die Gesellschaft, -en|society, company, organization, party (social event)
die Hilfe, -n|help
die Höhe, -n|altitude, height, extent
der Markt, die Märkte|market
die Maßnahme, -n|measure, sanction, scheme, step
die Mitte, -n|middle, center
die Möglichkeit, -en|possibility, opportunity, option
die Nacht, die Nächte|night
die Politik|politic(s), policy
die Rolle, -n|role (theater, soc.), roll (gymnastics), character
der Raum, die Räume|space, room, region, scope
die Sache, -n|matter, thing, concern
die Stelle, -n|place, position, post, job
das Stück, -e|piece, play (theat.), slice, chunk
das Telefon, -e|telephone
die Veranstaltung, -en|event, meeting, session
die Wahl, -en|election, choice
der Weblink, -s|weblink
die Zeitung, -en|newspaper
bauen, baute, gebaut|to build
(sich) befinden, befand, befunden|to be (located)
erzählen, erzählte, erzählt|to tell
fragen, fragte, gefragt|to ask
(sich) freuen, freute, gefreut|to be happy
glauben, glaubte, geglaubt|to believe
handeln, handelte. gehandelt|to deal, trade
helfen (hilft), half, geholfen|to help
hören, hörte, gehört|to hear
kennen, kannte, gekannt|to know (person, place), to be aware of, acquainted w/
nutzen, nutzte, genutzt|to use
rechnen, rechnete, gerechnet|to reckon, calculate, count, do arithmetic
schlagen (schlägt), schlug, geschlagen|to hit, beat, slug
schließen, schloss, geschlossen|to close, shut, conclude
sitzen, saß, gesessen|sit, to be sitting, to be based
teilen, teilte, geteilt|to divide, share
unterstützen, unterstützte, unterstützt|to support, promote
verstehen, verstand, verstanden|to understand
wählen, wählte, gewählt|to elect, choose, select, dial (phone)
zählen, zählte, gezählt|to count, total, tally
aktuell|current, topical
amerikanisch|American
dagegen|against it / them, however, on the contrary, in contrast
daher|therefore, hence, as a result
danach|afterwards, thereafter, after it
daran|thereon, at it, on it, to it
direkt|straight, direct(ly)
ebenso|likewise, alike, equally, as well
eher|sooner, rather
eigentlich|actually, in fact, rather
erfolgreich|successful
erstmals|initially, for the first time
fest|firm, solid, sturdy
folgend|following, subsequent
französisch|French
inzwischen|meanwhile, since then, by then
jeweils|respectively, each, in each case
künftig|coming, prospective, future
schlecht|bad, poor, evil, foul
warum|why
weiß|white
wenig|few, little, sparse
wirklich|actually, really, truly
zahlreich|numerous
zusätzlich|additional, further
zuvor|previously, beforehand
manch(e,er,es)|some, many
laut|according to, loud
hinter|behind
statt / anstatt|instead of
gegenüber|opposite, across from
trotz|in spite of
obwohl|although
der Autor, -en|author
der Besucher, -|visitor
der Bürger, -|citizen
der Bürgermeister, -|mayor
der / die Deutsche, -n|German
die Eltern (pl)|parents
der Freund, -e|male friend
die Freundin, -nen|female friend
der / die Grüne, -n|environmentalist, Green Party member
der / die Jugendliche, n|young person, youth
die Mutter, die Mütter|mother
der Sohn, die Söhne|son
der Spieler, -|player
der Vater, die Väter|father
das Auge, -n | eye
der Bau, die Bauten / die Baue | construction, building
der Bericht, -e | report, account
der Betrieb, -e | plant, firm, operation
die Bühne, -n | stage, platform
der Chef, -s | boss, employer, chief (male)
die Chefin, -nen | boss, employer, chief (female)
der Dollar, -/-s | dollar
die Führung, -en | conduct, leadership, guidance, management, tour (with a guide)
die Idee, -n | idea
das Interesse, -n | interest, demand, concern
das Internet | internet
der Kampf, die Kämpfe | struggle, conflict, fight
die Karte, -n | card, map, ticket, menu
der Kilometer, - (km) | kilometer
die Klasse, -n / klasse! | class, grade, sort / awesome!
das Konzert, -e | concert
der Kopf, die Köpfe | head
die Kosten (pl) | expenses, costs
die Kraft, die Kräfte | force, strength, power, energy, vigour, vitality
der Krieg, -e | war
die Kritik, -en | criticism, censure, review, critique
der Kunde, -n, | customer (m)
die Kundin, -nen | customer (f)
die Kunst, die Künste | art(s), artificial, skill, craft, trick
die Lage, -n | position, location
die Leistung, -en | performance, achievement, accomplishment, power, effort
die Literatur | literature
das Mädchen, - | girl
die Milliarde, -n (Mrd) | in UK thousand million or milliard, in USA: billion
das Museum, die Museen | museum
das Opfer, - | victim, sacrifice
der Politiker, - | male politician, statesman
die Politikerin, -nen | female politician, stateswoman
das Publikum | audience, crowd, public
die Quelle, -n | source, well, spring, resource
der Rahmen, - | frame, framework
das Recht, -e / | law, right, justice /
recht | fair(ly), right(ly), quite
die Richtung, -en | direction, tendency, route
der Satz, die Sätze | sentence, clause, theorem, jump
der Schweizer, - | male Swiss citizen
die Schweizerin, -nen | female Swiss citizen
der Sinn, -e | sense, mind, meaning, point
die Situation, -en | situation [cognate], circumstances, case
die Stimme, -n | voice, vote
die Tochter, die Töchter | daughter
der Tod, -e | death
die Universität, -en | university
die Verfügung, -en | ordinance, regulation, disposal
das Wasser, die Wässer | water
die Wirtschaft, -en | economy / pub, inn
wert | worth(y)
der Wert, -e / | value, worth
der Zug, die Züge | train, tug, draft, drag (cig.), move, trait
der Zuschauer, - | spectator, viewer, onlooker, audience member
ändern, änderte, geändert | to change, alter
bestätigen, bestätigte, bestätigt | to confirm
bezeichnen, bezeichnete, bezeichnet | to designate, label, describe
bilden, bildete, gebildet | to form, educate
einsetzen, setzte ein, eingesetzt | to put in, insert, deploy
entsprechen (entspricht), entsprach, entsprochen | to correspond to
erinnern, erinnerte, erinnert | to remind
sich erinnern, erinnerte sich, sich erinnert | to remember
gelingen, gelang, gelungen | to be successful, to succeed
hoffen, hoffte, gehofft | to hope
holen, holte, geholt | to fetch, to go get
kosten, kostete, gekostet | to cost / to taste, sample food
laden (lädt), lud, geladen | to load, charge
lernen, lernte, gelernt | to learn, to study, to do homework
lesen (liest), las, gelesen | to read / to pick (grapes)
melden, meldete, gemeldet | to report, announce, notify
öffnen, öffnete, geöffnet | to open [cognate]
präsentieren, präsentierte, präsentiert | to present [cognate]
stammen, stammte, gestammt | to stem, originate
starten, startete, gestartet | to launch, start
sterben (stirbt), starb, ist gestorben | to die
stimmen, stimmte, gestimmt | to vote
verlassen (verlässt), verließ, verlassen | to leave sb/sth
verletzen, verletzte, verletzt | to injure, harm, breach
wachsen (wächst), wuchs, gewachsen | to grow, increase
warten, wartete, gewartet | to wait
wirken, wirkte, gewirkt | to appear, seem, work, have an effect, take effect
ähnlich | similar, like
anders | different
bald | soon
bestimmt | certain(ly), for sure
bislang | yet, until now
dennoch | nevertheless, yet
eben | even, level, smooth, just
einzeln | individual, single
entsprechend | appropriate, respective, applicable, corresponding
erneut | again, anew, renewed
falsch | wrong, false
gesamt | entire, complete
heutig | today's, present modern
historisch | historical
hin | [indicates movement away from speaker], broken
je | ever, each
lieb | dear, kind
ob | whether, if [in the sense of whether]
offiziell | official(ly)
per | per
persönlich | personal
positiv | positive
der Arzt, die Ärzte|physician (male)
die Ärztin, die Ärztinnen|physician (female)
das Bad, die Bäder|bath, spa, bathroom
die Bahn, -en|railroad, train, track, lane, orbit
der Berliner, -|Berliner (m), doughnut
die Berlinerin, -nen|Berliner (f)
die Bevölkerung, -en|population
der Bund, die Bünde|association, alliance, federation, union
die Erfahrung, -en|experience, know-how, empirical knowledge
das Fahrzeug, -e|vehicle
das Gebäude, -|building
das Gebiet, -e|area, region, domain
der Geburtstag, -e|birthday
der Gegner, -|opponent (m), adversary, enemy
die Gegnerin, -nen|opponent (f), adversary, enemy
das Gericht, die Gerichte|dish, court, tribunal
das Geschäft, -e|shop, store, business, firm, deal
das Gesetz, -e|law, statute
die Grenze, -n|border, boundary, limit
die Hälfte, -n|half
der Hinweis, -e|hiner, clue, pointer
der Junge, -n / -n|boy
der Klub, -s|club
der Kontakt, -e|contact
die Kultur, -en|culture, civilization, crop
der Künstler, -|artist (m)
die Künstlerin, -nen|artist (f)
die Liste, -n|list
die Lösung, -en|solution
die Meinung, -en|opinion
die Partie, -n|game, match (marriage), part (opera role), section
der Plan, die Pläne|plan
die Reihe, -n|row, series
die Runde, -n|lap, round, circuit
der Schritt, -e|step, pace
der Sommer, -|summer
die Sprache, -n|language, speech
der Teilnehmer, -|participant
der Text, -e|text
das Theater, -|theater (not a movie theater = Kino)
das Tier, -e|animal, beast
die Unterstützung, -en|support
der Verlag, -e|publisher
der Vertrag, die Verträge|contract, treaty
der Vertreter, -|proxy (m), representative, agent
die Vertreterin, -nen|proxy (f), representative, agent
der Vorstand, die Vorstände|(executive) board, chairman, directorate
die Wohnung, -en|apartment, dwelling
anbieten, bot an, angeboten|to provide, offer
aufnehmen (nimmt auf), nahm auf, aufgenommen|to record, include
bedeuten, bedeutet, bedeutet|to mean, signify
betonen, betonte, betont|to emphasize, stree
betragen (beträgt), betrug, betragen|to amount to
sich betragen (beträgt), betrug sich, sich betragen|to behave
bitten, bat, gebeten|to request, ask
drohen, drohte, gedroht|to threaten, to be in danger of
entwickeln, entwickelte, entwickelt|to develop
erhöhen, erhöhte, erhöht|to raise, increase, heighten
erkennen, erkannte, erkannt|to realize, recognize, perceive
eröffnen, eröffnete, eröffnet|to open
(sich) fühlen, fühlte, gefühlt|to feel
gründen, gründete, gegründet|to establish, found
leisten, leistete, geleistet|to achieve, perform, render
sich (Dat) leisten, leistete, geleistet|to afford
reichen, reichte, gereicht|to reach, to be enough
rufen, rief, gerufen|to call, shout
verbinden, verband, verbunden|to connect, to bind
vertreten (vertritt), vertrat, vertreten|to represent sb or sth
verwenden, verwendete, verwendet|to use, apply, employ
vorstellen, stellte vor, vorgestellt|to introduce, suggest
sich (Dat) vorstellen, stellte sich vor, sich vorgestellt|to imagine
weisen, wies, gewiesen|to indicate, point out
werfen (wirft), warf, geworfen|to throw
zahlen, zahlte, gezahlt|to pay
aktiv|active(ly)
allgemein|general(ly)
beispielsweise|for example
britisch|British
dadurch|through it, as a result
englisch|English
finanziell|financial
gering|slight, low, small
gern, gerne|glady, willingly
halb|half
hart|tough, severe, hard
häufig|frequent(ly)
innerhalb|within
jener, jene, jenes, usw.|that
meist|most
mindestens|at least
modern|modern
nämlich|namely, that is to say
niemand|no one, nobody
österreichisch|Austrian
paar|few, some, a couple of
russisch|Russian
schwarz|black
sofort|immediately
sonst|else, otherwise
sowohl + als auch|both + and
technisch|technical
tief|deep
trotzdem|still, yet, nevertheless
unterschiedlich|different, diverse, various
elf, zwölf, dreizehn, vierzehn, fünfzehn, sechzehn, siebzehn, achtzehn, neunzehn, zwanzig|11-20     1	die Angst, die Ängste | fearder Abschluss, die Abschlüsse|end, conclusion, completion of studies (graduation)
die Anlage, -n|(sports) complex, investment, attachment
der Antrag, die Anträge|application (form)
die Antwort, -en|answer
der Arbeitsplatz, die Arbeitsplätze|workplace
der Auftrag, die Aufträge|instructions, order, job
der Bezirk, -e|district
der Bruder, die Brüder|brother
die Dame, -n|lady
das Datum, die Daten|date, data
der Dienst, -e|service
die Einrichtung, -en|institution, furnishings
die Expertin, -nen|expert (f)
der Experte, -n|expert (m)
der Fuß, die Füße|foot, feet
die Gemeinderätin, -nen|councilwoman
der Gemeinderat, die Gemeinderäte|councilman
die Geschäftsführerin, -nen|general manager (f), executive director
der Geschäftsführer, -|general manager (m), executive director
das Glück|fortune, luck, happiness
der Herbst, -e|fall (harvest), autumn
die Hoffnung, -en|hope
das Hotel, -s|hotel
die Königin, -nen|queen
der König, -e|king
das Krankenhaus, die Krankenhäuser|hospital
der Kurs, -e|course, exchange rate
der Lauf, die Läufe|run
die Lehrerin, -nen|teacher (f)
der Lehrer, -|teacher (m)
das Lied, -er|song
die Liga, die Ligen|league, division
das Medium, die Medien|medium, media
die Mehrheit, -en|majority
die Meisterin, -nen|master (f), champion
der Meister, -|master (m), champion
die Ministerpräsidentin, -nen|prime minister (f)
der Ministerpräsident, -en|prime minister (m)
das Parlament, -e|parliament
die Position, -en|position
der Prozess, -e|process
der Rang, die Ränge|rank
der Rat, die Räte|advice, council, counselor
die Regel, -n|rule
das Rennen, -|race, running
der Schaden, die Schäden|damage
die Sitzung, -en|meeting, session
der Stand, die Stände|stand, stage
die Strecke, -n|stretch, distance, route
die Täterin, -nen|perp, culprit (f)
der Täter, -|perp, culprit (m)
das Urteil, -e|verdict, judgment
der Verband, die Verbände|association, bandage
das Verhältnis, -se|relationship, proportion
das Volk, die Völker|people, folk, nation
das Vorjahr, -e|previous year
die Vorstellung, -en|idea, introduction, performance
der Wettbewerb, -e|competition, contest
der Wunsch, die Wünsche|wish, desire
das Zentrum, die Zentren|center
der Zusammenhang, die Zusammenhänge|connection, context
abschließen, schloß ab, abgeschlossen|to lock, conclude
ankündigen, kündigte an, angekündigt|to announce
belegen, belegt, belegte|to attend (a class), to cover, to prove
bestimmen, bestimmte, bestimmt|to decide, determine
darstellen, stellte dar, dargestellt|to depict, portrary
einladen (lädt ein), lud ein, eingeladen|to invite, to load
entdecken, entdeckte, entdeckt|to discover
enthalten (enthält), enthielt, enthalten|to contain
erzielen, erzielte, erzielt|to achieve, reach
fördern, förderte, gefördert|to promote, support
geraten (gerät), geriet, geraten|to get in(to), to turn out
hängen, hängte, gehängt|to hang
hängen, hing, gehangen|to be hanging
kündigen, kündigte, gekündigt|to terminate, resign, cancel
leiten, leitete, geleite|to lead
liefern, lieferte, geliefert|to deliver, supply, provide
lösen, löste, gelöst|to solve, loosen
passieren, passierte, ist passiert|to happen
reagieren, reagierte, reagiert|to react
stattfinden, fand statt, stattgefunden|to take place
überzeugen, überzeugte, überzeugt|to convince, persuade
verbessern, verbesserte, verbessert|to improve
verdienen, verdiente, verdient|to earn, deserve
verlangen, verlangte, verlangt|ro require, demand
versprechen (verspricht), versprach, versprochen|to promise
sich versprechen (verspricht), versprach, versprochen|to misspeak, to make a mistake
verzichten|to forgo, do without
warnen, warnte, gewarnt|to warn
außer|except for, besides
bereit|ready
diesmal|this time
gewiss|certain(ly)
hinaus|out, beyond
hingegen|whereas, however
insbesondere|especially
italienisch|Italian
jedenfalls|in any case
jugendlich|youthful, adolescent
leider|unfortunately
links|left
morgen|tomorrow
nein, nee, nö|no
plötzlich|suddenly
somit|consequently
traditionell|traditional
übrig|remaining, left
ursprünglich|original(ly)
weder|neither
wobei|whereby, where, at what, whereas
zugleich|both, at the same time
der/die Alte|old man/woman
das Alter. -|age
Alter!|dude!
der Angriff, -e|attack
die Ansicht, -en|opinion, view
der Anteil, -e|share, portion
die Ausbildung, -en|training, development
die Ausgabe, -n|distribution, edition, expenses
der Bahnhof, -höfe|train station
der Ball, die Bälle|ball
der Baum, die Bäume|tree
der Einwohner, -|inhabitant
der Fehler, -|mistake, error
die Forderung, -en|demand, claim
der Franken, -|franc
die Freude, -n|joy, pleasure
das Gefühl, -e|feeling
das Gesicht, -er|face
der Grad, -e|degree
der Hintergrund, -gründe|background
die Insel, -n|island
die Kandidatin, -nen|candidate (f)
der Kandidat, -en|candidate (m)
der Kanton, -e|canton
der Konzern, -e|corporation
der Landkreis, -e|district, county
das Licht, -er|light
die Luft, Lüfte|air
die Menge, -n|quantity, amount, a lot
das Modell, -e|model
das Motto, -s|motto
die Nähe|vicinity, proximity
die Natur, -en|nature
die Nummer, -n|number
die Patientin, -nen|patient (f)
der Patient, -en|patient (m)
das Produkt, -e|product
die Professorin, -nen|professor (f)
der Professor, -en|professor (m)
das Rathaus, -häuser|city hall
die Redaktion, -en|editorial dept., editors
der Roman, -e|Novel
der Schluss, die Schlüsse|conclusion, end
die Sekunde, -n|second
die Serie, -n|series
die Sicht, -en|sight, view
der Spaß, die Späße|fun
die Spitze, -n|point, top, peak
der Standort, -e|site, location
der Streit|argument
die Szene, -n|scene
die Tat, -en|deed
die Tür, -en|door
der Unfall, -fälle|accident
die Verbindung, -en|connection, link
das Verfahren, -|method, process, technique
die Verhandlung, -en|negotiation
der Versuch, -e|attempt, experiment
der Vorwurf, -würfe|reproach, accusation
der Wald, die Wälder|woods, forest
beenden, beendete, beendet|to end sth. finish sth.
besitzen, besaß, besessen|to possess, own, occupy
beweisen, bewies, bewiesen|to prove
bezahlen, bezahlte, bezahlt|to pay
enden, endete, geendet|to end
greifen, griff, gegriffen|to take hold of, reach
herrschen, herrschte, geherrscht|to rule, prevail
informieren, informierte, informiert|to inform
lauten, lautete, gelautet|to be (answer)
mitteilen, teilte mit, mitgeteilt|to inform
organisieren, organisierte, organisiert|to organize
passen, passte, gepasst|to fit, suit, pass
richten, richtete, gerichtet|to direct, repair, follow
sinken, sank, ist gesunken|sink, drop
stecken, steckte, gesteckt|to put, to be located
stoßen, stieß, gestoßen|to bump, push
teilnehmen (nimmt teil), nahm teil, teilgenommen|to take part, participate
(sich) verändern, veränderte, verändert|to change
vergessen (vergisst), vergaß, vergessen|to forget
veröffentlichen, veröffentlichte, veröffentlicht|to publish
wohnen, wohnte, gewohnt|to live, reside
angesichts|in view of
aufgrund|on the basis of, because of
der/die/dasselbe|the same
echt|genuine, real
entfernt|distant
genug|enough
grün|green
heiß|hot
her|from somewhere, towards the speaker
interessant|interesting
konkret|concrete
manchmal|sometimes
offenbar|obvious
regelmäßig|regular
rein|pure, clear, clean
speziell|special
staatlich|state, government, national
ständig|constant
stets|always
tätig|active
teilweise|partly
im Alter von|at the age of
im Angriff|on the attack
der / die Abgeordnete, -n|member of parliament
der Abschnitt, -e|portion, section
der Anlass, die Anlässe|occasion, cause
der Anspruch, die Ansprüche|claim
das Ausland|foreign countries
der Berg, -e|mountain
die Bewegung, -en|movement, motion
die Beziehung, -en|relation(ship)
der Brief, -e|letter
die Bundesliga, -ligen|(sport) national division
die Bundesregierung, -en|Federal Government
der Chor, die Chöre|choir
die Datei, -en|data file
der Eindruck, die Eindrücke|impression
die Energie, -n|energy
das Engagement|commitment
der Fahrer, -|driver (m)
die Fahrerin, -nen|driver (f)
die Farbe, -n|color
das Finale|finale
die Fraktion, -en|faction, fraction
die Gewalt, -en|violence, force
der Gewinn, -e|profit
die Hauptstadt, -städte|capital
der Haushalt, -e|budget, household
die Heimat|homeland
der Hof, die Höfe|courtyard, yard
die Initiative, -n|initiative
die Karriere, -n|career
der Kindergarten, -gärten|kindergarden
die Koalition, -en|coalition
die Macht, die Mächte|might, power
der Moment, -e|moment
der Musiker, -|musician (m)
die Musikerin, -nen|musician (f)
die Nachricht, -en|message, news
die Öffentlichkeit, -en|public
der Osten|east
der Partner, -|partner (m)
die Partnerin, -nen|partner (f)
die Pause, -n|pause
die Qualität, -en|quality
die Reise, -n|trip, travel
der Richter, -|judge (m)
die Richterin, -nen|judge (f)
der See, -n|lake
die See, -n|sea
der Sitz, -e|seat, headquarters
die Stimmung, -en|mood, atmosphere
der Student, -en|student (m)
die Studentin, -nen|student (f)
die Studie, -n|study
die Technik, -en|technology, technique
der Termin, -e|appointment, date
der Tisch, -e|table
die Truppe, -n|troops, unit
das Turnier, -e|tournament
der Umsatz, die Umsätze|turnover, sales
die Vergangenheit, -en|past
der Verkauf, die Verkäufe|sale, selling
der Verkehr|traffic
die Veröffentlichung,-en|publication
die Verwaltung, -en|administration
der Vortrag, die Vorträge|lecture
der Wagen, -|car, carriage
der Weltkrieg, -e|world war
der Winter, -|winter
das Zeichen, -|sign
begrüßen, begrüßte, begrüßt|to greet
besetzen, besetzte, besetzt|to occupy, fill
betreiben, betrieb, betrieben|to proceed w., to operate
bewegen, bewegte, bewegt|to move
diskutieren, diskutierte, diskutiert|to discuss
drehen, drehte, gedreht|to turn
einstellen, stellte ein, eingestellt|to adjust, employ, stop
erläutern, erläuterte, erläutert|to explain
ermöglichen, ermöglichte, ermöglicht|to enable
geschehen, geschah, ist geschehen|to happen, occur
gestalten, gestaltete, gestaltet|to shape, design
interessieren, interessierte, interessiert|to interest
sich interessieren, interessierte sich, sich interessiert|to be interested
prüfen, prüfte, geprüft|to examine, check
retten, rettete, gerettet|to save, rescue
sammeln, sammelte, gesammelt|to collect, gather
schauen, schaute, geschaut|to look
schützen, schützte, geschützt|to protect
töten, tötete, getötet|to kill
umfassen, umfasste, umfasst|to include, consist of
verfügen, verfügte, verfügt|to have at one's disposal, be in charge
verurteilen, verurteilte, verurteilt|to condemn
verweisen, verwiese, verwiesen|to refer
absolut|absolute
betroffen|affected, concerned, shocked
entscheidend|decisive
erheblich|considerable
gefährlich|dangerous
komplett|complete
normal|normal
schwach|weak
sportlich|athletic
toll|great, terrific
tot|dead
übrigens|by the way
unbekannt|unknown
unterwegs|on the way
vorhanden|available, existing
wahr|true
wahrscheinlich|probable
angeblich|alleged
bayerisch|Bavarian
betont|emphasized
bunt|colorful
damalig|at that time
einst|once, at one time, one day
endgültig|final
freiwillig|voluntary
grundsätzlich|fundamental
heftig|heavy, violent
indem|while, by
jüdisch|Jewish
klassisch|classical
langsam|slow
laufend|ongoing
möglichst|as possible
obere|upper
praktisch|practical
rechts|on, to to the right
regional|regional
selber|self
türkisch|Turkish
unabhängig|independent
unmittelbar|immediate, direct
vorher|beforehand, earlier
wissenschaftlich|scientific, scholarly
zentral|central
zufolge|according to
ablehnen, lehnt ab, abgelehnt|to refuse, reject, turn down
antreten, trat an, angetreten|to take up, start
aufbauen, baute auf, aufgebaut|to build up
begleiten, begleitete, begleitet|to accompany
behandeln, behandelte, behandelt|to treat
behaupten, behauptete, behauptet|to claim, maintain
beschäftigen, beschäftigte, beschäftigt|to employ, be busy, deal with
betrachten, betrachtete, betrachtet|to look at, consider
betreffen, betraf, betroffen|to affect, concern
beziehen, bezog, bezogen|to refer, put, get
brechen, (bricht), brach, gebrochen|to break
erfüllen, erfüllte, erfüllt|to grant, fulfill
ergänzen, ergänzte, ergänzt|to add, complete
erlauben, erlaubte, erlaubt|to allow, permit
errichten, errichtet, errichtet|to build, erect
ersetzen, ersetzte, ersetzt|to replace, reimburse
feststellen, stellte fest, festgestellt|to establish, detect
fliegen, flog, ist geflogen|to fly
funktionieren, funktionierte, funktioniert|to function, work
gefallen (gefällt), gefiel, gefallen|to please
landen, landete, ist / hat gelandet|to land
schätzen, schätzte, geschätzt|to estimate, value
überraschen, überraschte, überrascht|to surprise
veranstalten, veranstaltete, veranstaltet|to organize
vergeben (vergibt), vergab, vergeben|to award, allocate, forgive, give away
verschwinden, verschwand, ist verschwunden|to disappear
vorsehen (sieht vor), sah vor, vorgesehen|to plan, provide for
zwingen, zwang, gezwungen|to force
die Änderung, -en|change
die Bäuerin, -nen|farmer (f)
der Bauer, -n|farmer (m)
der Beruf, -e|occupation, job, profession
der Eintritt, -e|entry, admission
die Erde, -n|earth, ground, soil
die Erinnerung, -en|memory
die Fahrt, -en|drive, trip
das Feld, -er|field
das Fernsehen, -|television
der Flughafen, die Flughäfen|airport
der Gedanke, -n|thought
die Gelegenheit, -en|opportunity
die Gewerkschaft, -en|trade union
der Gruß, die Grüße|greeting
die Halle, -n|hall
der Höhepunkt, -e|hig point, peak
der Hund, -e|dog
das Interview, -s|interview
das Jahrzehnt, -e|decade
die Kommission, -en|commission, committee
der Konflikt, -e|conflict
die Kontrolle, -n|inspection
die Meisterschaft, -en|championship
der Nachfolger, -|successor (m)
die Nachfolgerin, -nen|successor (f)
die Pfarrerin, -nen|pastor (f)
der Pfarrer, -|pastor (m)
die Post|mail, post office
der Post, -s|post (on a blog)
die Produktion, -en|production
die Reform, -en|reform
die Schauspielerin, -nen|actress
der Schauspieler, -|actor
der Schilling, -|Schilling (former Austrian currency)
die Sorge, -n|worry
die Spur, -en|track, lane
der Star, -s|star (celebrity), starling
der Stein, -e|stone, rock
die Stiftung, -en|foundation, institution, donation
die Tour, -en|tour, trip
die Untersuchung, -en|examination, investigation
der Verlust, die Verluste|loss
das Wetter, -|weather
der Zeitpunkt, -e|moment, point in time
